runlevel0,runlevel1,runlevel2,runlevel3,runlevel4,runlevel5,runlevel6,StartMode
off,off,off,off,off,off,off,Disabled
off,off,off,off,off,off,on,Auto
off,off,off,off,off,on,off,Auto
off,off,off,off,off,on,on,Auto
off,off,off,off,on,off,off,Auto
off,off,off,off,on,off,on,Auto
off,off,off,off,on,on,off,Auto
off,off,off,off,on,on,on,Auto
off,off,off,on,off,off,off,Auto
off,off,off,on,off,off,on,Auto
off,off,off,on,off,on,off,Auto
off,off,off,on,off,on,on,Auto
off,off,off,on,on,off,off,Auto
off,off,off,on,on,off,on,Auto
off,off,off,on,on,on,off,Auto
off,off,off,on,on,on,on,Auto
off,off,on,off,off,off,off,Auto
off,off,on,off,off,off,on,Auto
off,off,on,off,off,on,off,Auto
off,off,on,off,off,on,on,Auto
off,off,on,off,on,off,off,Auto
off,off,on,off,on,off,on,Auto
off,off,on,off,on,on,off,Auto
off,off,on,off,on,on,on,Auto
off,off,on,on,off,off,off,Auto
off,off,on,on,off,off,on,Auto
off,off,on,on,off,on,off,Auto
off,off,on,on,off,on,on,Auto
off,off,on,on,on,off,off,Auto
off,off,on,on,on,off,on,Auto
off,off,on,on,on,on,off,Auto
off,off,on,on,on,on,on,Auto
off,on,off,off,off,off,off,Auto
off,on,off,off,off,off,on,Auto
off,on,off,off,off,on,off,Auto
off,on,off,off,off,on,on,Auto
off,on,off,off,on,off,off,Auto
off,on,off,off,on,off,on,Auto
off,on,off,off,on,on,off,Auto
off,on,off,off,on,on,on,Auto
off,on,off,on,off,off,off,Auto
off,on,off,on,off,off,on,Auto
off,on,off,on,off,on,off,Auto
off,on,off,on,off,on,on,Auto
off,on,off,on,on,off,off,Auto
off,on,off,on,on,off,on,Auto
off,on,off,on,on,on,off,Auto
off,on,off,on,on,on,on,Auto
off,on,on,off,off,off,off,Auto
off,on,on,off,off,off,on,Auto
off,on,on,off,off,on,off,Auto
off,on,on,off,off,on,on,Auto
off,on,on,off,on,off,off,Auto
off,on,on,off,on,off,on,Auto
off,on,on,off,on,on,off,Auto
off,on,on,off,on,on,on,Auto
off,on,on,on,off,off,off,Auto
off,on,on,on,off,off,on,Auto
off,on,on,on,off,on,off,Auto
off,on,on,on,off,on,on,Auto
off,on,on,on,on,off,off,Auto
off,on,on,on,on,off,on,Auto
off,on,on,on,on,on,off,Auto
off,on,on,on,on,on,on,Auto
on,off,off,off,off,off,off,Auto
on,off,off,off,off,off,on,Auto
on,off,off,off,off,on,off,Auto
on,off,off,off,off,on,on,Auto
on,off,off,off,on,off,off,Auto
on,off,off,off,on,off,on,Auto
on,off,off,off,on,on,off,Auto
on,off,off,off,on,on,on,Auto
on,off,off,on,off,off,off,Auto
on,off,off,on,off,off,on,Auto
on,off,off,on,off,on,off,Auto
on,off,off,on,off,on,on,Auto
on,off,off,on,on,off,off,Auto
on,off,off,on,on,off,on,Auto
on,off,off,on,on,on,off,Auto
on,off,off,on,on,on,on,Auto
on,off,on,off,off,off,off,Auto
on,off,on,off,off,off,on,Auto
on,off,on,off,off,on,off,Auto
on,off,on,off,off,on,on,Auto
on,off,on,off,on,off,off,Auto
on,off,on,off,on,off,on,Auto
on,off,on,off,on,on,off,Auto
on,off,on,off,on,on,on,Auto
on,off,on,on,off,off,off,Auto
on,off,on,on,off,off,on,Auto
on,off,on,on,off,on,off,Auto
on,off,on,on,off,on,on,Auto
on,off,on,on,on,off,off,Auto
on,off,on,on,on,off,on,Auto
on,off,on,on,on,on,off,Auto
on,off,on,on,on,on,on,Auto
on,on,off,off,off,off,off,Auto
on,on,off,off,off,off,on,Auto
on,on,off,off,off,on,off,Auto
on,on,off,off,off,on,on,Auto
on,on,off,off,on,off,off,Auto
on,on,off,off,on,off,on,Auto
on,on,off,off,on,on,off,Auto
on,on,off,off,on,on,on,Auto
on,on,off,on,off,off,off,Auto
on,on,off,on,off,off,on,Auto
on,on,off,on,off,on,off,Auto
on,on,off,on,off,on,on,Auto
on,on,off,on,on,off,off,Auto
on,on,off,on,on,off,on,Auto
on,on,off,on,on,on,off,Auto
on,on,off,on,on,on,on,Auto
on,on,on,off,off,off,off,Auto
on,on,on,off,off,off,on,Auto
on,on,on,off,off,on,off,Auto
on,on,on,off,off,on,on,Auto
on,on,on,off,on,off,off,Auto
on,on,on,off,on,off,on,Auto
on,on,on,off,on,on,off,Auto
on,on,on,off,on,on,on,Auto
on,on,on,on,off,off,off,Auto
on,on,on,on,off,off,on,Auto
on,on,on,on,off,on,off,Auto
on,on,on,on,off,on,on,Auto
on,on,on,on,on,off,off,Auto
on,on,on,on,on,off,on,Auto
on,on,on,on,on,on,off,Auto
on,on,on,on,on,on,on,Auto