identity_tag,bunit,category,identity,identity_id,first,endDate,email,startDate,phone,managedBy,phone2,watchlist,suffix,priority,prefix,last,key,nick
americas,americas,,mawe@acmetech.com,465e0da922b0ba14841cc6b5cf221c88318bc9f1,Martin,,mawe@acmetech.com,5/1/03 0:17,+1 (800)555-1562,,+1 (800)555-3327,false,,critical,Mr.,Awe,mawe@acmetech.com,
,,,mawe,,,,,,,,,,,,,,mawe@acmetech.com,
americas,americas,,mawe@acmetech.com,465e0da922b0ba14841cc6b5cf221c88318bc9f1,Martin,,mawe@acmetech.com,5/1/03 0:17,+1 (800)555-1562,,+1 (800)555-3327,false,,critical,Mr.,Awe,mawe,
,,,mawe,,,,,,,,,,,,,,mawe,
contractor,americas,contractor,rmajcher@acmetech.com,691000967dcb7625ad5f8eca09b29baa37676ba1,Ranee,,rmajcher@acmetech.com,9/15/96 1:55,+1 (800)555-8762,,+1 (800)555-8549,false,,,,Majcher,rmajcher@acmetech.com,Nene
americas,,,rmajcher,,,,,,,,,,,,,,rmajcher@acmetech.com,
contractor,americas,contractor,rmajcher@acmetech.com,691000967dcb7625ad5f8eca09b29baa37676ba1,Ranee,,rmajcher@acmetech.com,9/15/96 1:55,+1 (800)555-8762,,+1 (800)555-8549,false,,,,Majcher,rmajcher,Nene
americas,,,rmajcher,,,,,,,,,,,,,,rmajcher,
americas,americas,,ejennifer@acmetech.com,440b54ff4cfec1e471faabb2767c62e361624df2,Elouise,,ejennifer@acmetech.com,3/13/74 6:31,+1 (800)555-7388,,+1 (800)555-2669,false,,,Ms.,Jennifer,ejennifer@acmetech.com,
,,,ejennifer,,,,,,,,,,,,,,ejennifer@acmetech.com,
americas,americas,,ejennifer@acmetech.com,440b54ff4cfec1e471faabb2767c62e361624df2,Elouise,,ejennifer@acmetech.com,3/13/74 6:31,+1 (800)555-7388,,+1 (800)555-2669,false,,,Ms.,Jennifer,ejennifer,
,,,ejennifer,,,,,,,,,,,,,,ejennifer,
americas,americas,,lkerst@acmetech.com,7d27be3fe0e04a09340d12d90251a208221c3b3d,Larisa,,lkerst@acmetech.com,12/12/04 17:31,+1 (800)555-4897,pepper,+1 (800)555-4311,false,,low,Mrs.,Kerst,lkerst@acmetech.com,
,,,lkerst,,,,,,,,,,,,,,lkerst@acmetech.com,
americas,americas,,lkerst@acmetech.com,7d27be3fe0e04a09340d12d90251a208221c3b3d,Larisa,,lkerst@acmetech.com,12/12/04 17:31,+1 (800)555-4897,pepper,+1 (800)555-4311,false,,low,Mrs.,Kerst,lkerst,
,,,lkerst,,,,,,,,,,,,,,lkerst,
pci,americas,pci,mpickle@acmetech.com,afa0e4ad8cc787d2ae586c74e497f3cad66c8f75,Miki,,mpickle@acmetech.com,8/29/99 2:51,+1 (800)555-5501,,+1 (800)555-7321,false,,medium,Miss,Pickle,mpickle@acmetech.com,
americas,,,mpickle,,,,,,,,,,,,,,mpickle@acmetech.com,
pci,americas,pci,mpickle@acmetech.com,afa0e4ad8cc787d2ae586c74e497f3cad66c8f75,Miki,,mpickle@acmetech.com,8/29/99 2:51,+1 (800)555-5501,,+1 (800)555-7321,false,,medium,Miss,Pickle,mpickle,
americas,,,mpickle,,,,,,,,,,,,,,mpickle,
americas,americas,,pepper,f0400da71dfd52cb225a8393f7c48fbfd515b4ac,Allen,7/12/08 19:49,aseykoski@acmetech.com,7/12/03 15:30,+1 (800)555-2111,,+1 (800)555-9996,false,,high,Dr.,Seykoski,pepper,Al
,,,a.koski,,,,,,,,,,,,,,pepper,
,,,aseykoski@acmetech.com,,,,,,,,,,,,,,pepper,
,,,aseykoski,,,,,,,,,,,,,,pepper,
americas,americas,,pepper,f0400da71dfd52cb225a8393f7c48fbfd515b4ac,Allen,7/12/08 19:49,aseykoski@acmetech.com,7/12/03 15:30,+1 (800)555-2111,,+1 (800)555-9996,false,,high,Dr.,Seykoski,a.koski,Al
,,,a.koski,,,,,,,,,,,,,,a.koski,
,,,aseykoski@acmetech.com,,,,,,,,,,,,,,a.koski,
,,,aseykoski,,,,,,,,,,,,,,a.koski,
americas,americas,,pepper,f0400da71dfd52cb225a8393f7c48fbfd515b4ac,Allen,7/12/08 19:49,aseykoski@acmetech.com,7/12/03 15:30,+1 (800)555-2111,,+1 (800)555-9996,false,,high,Dr.,Seykoski,aseykoski@acmetech.com,Al
,,,a.koski,,,,,,,,,,,,,,aseykoski@acmetech.com,
,,,aseykoski@acmetech.com,,,,,,,,,,,,,,aseykoski@acmetech.com,
,,,aseykoski,,,,,,,,,,,,,,aseykoski@acmetech.com,
americas,americas,,pepper,f0400da71dfd52cb225a8393f7c48fbfd515b4ac,Allen,7/12/08 19:49,aseykoski@acmetech.com,7/12/03 15:30,+1 (800)555-2111,,+1 (800)555-9996,false,,high,Dr.,Seykoski,aseykoski,Al
,,,a.koski,,,,,,,,,,,,,,aseykoski,
,,,aseykoski@acmetech.com,,,,,,,,,,,,,,aseykoski,
,,,aseykoski,,,,,,,,,,,,,,aseykoski,
americas,americas,,rmckittrick@acmetech.com,5b17af2979415c9ddb9e7d71d4a29294f5e13116,Renda,,rmckittrick@acmetech.com,10/28/83 0:27,+1 (800)555-8072,,+1 (800)555-2031,false,,critical,,Mckittrick,rmckittrick@acmetech.com,
,,,rmckittrick,,,,,,,,,,,,,,rmckittrick@acmetech.com,
americas,americas,,rmckittrick@acmetech.com,5b17af2979415c9ddb9e7d71d4a29294f5e13116,Renda,,rmckittrick@acmetech.com,10/28/83 0:27,+1 (800)555-8072,,+1 (800)555-2031,false,,critical,,Mckittrick,rmckittrick,
,,,rmckittrick,,,,,,,,,,,,,,rmckittrick,
americas,americas,intern,kwilletts@acmetech.com,883cb87ff1f8e9a22ecacfa39511cf26ccc17d2a,Katharine,,kwilletts@acmetech.com,2/13/77 23:14,+1 (800)555-7596,,+1 (800)555-4546,false,,,Ms.,Willetts,kwilletts@acmetech.com,
intern,,,kwilletts,,,,,,,,,,,,,,kwilletts@acmetech.com,
americas,americas,intern,kwilletts@acmetech.com,883cb87ff1f8e9a22ecacfa39511cf26ccc17d2a,Katharine,,kwilletts@acmetech.com,2/13/77 23:14,+1 (800)555-7596,,+1 (800)555-4546,false,,,Ms.,Willetts,kwilletts,
intern,,,kwilletts,,,,,,,,,,,,,,kwilletts,
americas,americas,,glargin@acmetech.com,b140aedde87b5cdc2b31095d26fdf390c719537f,Germaine,,glargin@acmetech.com,12/18/81 15:30,+1 (800)555-3243,,+1 (800)555-6764,false,,,Mrs.,Largin,glargin@acmetech.com,
,,,glargin,,,,,,,,,,,,,,glargin@acmetech.com,
americas,americas,,glargin@acmetech.com,b140aedde87b5cdc2b31095d26fdf390c719537f,Germaine,,glargin@acmetech.com,12/18/81 15:30,+1 (800)555-3243,,+1 (800)555-6764,false,,,Mrs.,Largin,glargin,
,,,glargin,,,,,,,,,,,,,,glargin,
watchlist,americas,,raceuedo@acmetech.com,0b332548f4dae8af94a0a5c41b9786c91884d308,Roma,,raceuedo@acmetech.com,5/12/88 19:55,+1 (800)555-1052,,+1 (800)555-6529,true,,low,Miss,Aceuedo,raceuedo@acmetech.com,
americas,,,raceuedo,,,,,,,,,,,,,,raceuedo@acmetech.com,
watchlist,americas,,raceuedo@acmetech.com,0b332548f4dae8af94a0a5c41b9786c91884d308,Roma,,raceuedo@acmetech.com,5/12/88 19:55,+1 (800)555-1052,,+1 (800)555-6529,true,,low,Miss,Aceuedo,raceuedo,
americas,,,raceuedo,,,,,,,,,,,,,,raceuedo,
americas,americas,,money,a9d0ff0b56f313897885a32352b5cd376eb30545,Latoyia,3/8/01 6:21,ljournot@acmetech.com,3/2/88 2:39,+1 (800)555-3479,,+1 (800)555-1554,false,,medium,Dr.,Journot,money,
,,,journot,,,,,,,,,,,,,,money,
,,,ljournot@acmetech.com,,,,,,,,,,,,,,money,
,,,ljournot,,,,,,,,,,,,,,money,
americas,americas,,money,a9d0ff0b56f313897885a32352b5cd376eb30545,Latoyia,3/8/01 6:21,ljournot@acmetech.com,3/2/88 2:39,+1 (800)555-3479,,+1 (800)555-1554,false,,medium,Dr.,Journot,journot,
,,,journot,,,,,,,,,,,,,,journot,
,,,ljournot@acmetech.com,,,,,,,,,,,,,,journot,
,,,ljournot,,,,,,,,,,,,,,journot,
americas,americas,,money,a9d0ff0b56f313897885a32352b5cd376eb30545,Latoyia,3/8/01 6:21,ljournot@acmetech.com,3/2/88 2:39,+1 (800)555-3479,,+1 (800)555-1554,false,,medium,Dr.,Journot,ljournot@acmetech.com,
,,,journot,,,,,,,,,,,,,,ljournot@acmetech.com,
,,,ljournot@acmetech.com,,,,,,,,,,,,,,ljournot@acmetech.com,
,,,ljournot,,,,,,,,,,,,,,ljournot@acmetech.com,
americas,americas,,money,a9d0ff0b56f313897885a32352b5cd376eb30545,Latoyia,3/8/01 6:21,ljournot@acmetech.com,3/2/88 2:39,+1 (800)555-3479,,+1 (800)555-1554,false,,medium,Dr.,Journot,ljournot,
,,,journot,,,,,,,,,,,,,,ljournot,
,,,ljournot@acmetech.com,,,,,,,,,,,,,,ljournot,
,,,ljournot,,,,,,,,,,,,,,ljournot,
pci,americas,pci,ewhitmoyer@acmetech.com,759b6346908f668053e3a8c3a0abff538019fe03,Elissa,,ewhitmoyer@acmetech.com,11/10/80 12:32,+1 (800)555-9812,,+1 (800)555-7122,false,,high,,Whitmoyer,ewhitmoyer@acmetech.com,
americas,,cardholder,ewhitmoyer,,,,,,,,,,,,,,ewhitmoyer@acmetech.com,
cardholder,,,,,,,,,,,,,,,,,ewhitmoyer@acmetech.com,
pci,americas,pci,ewhitmoyer@acmetech.com,759b6346908f668053e3a8c3a0abff538019fe03,Elissa,,ewhitmoyer@acmetech.com,11/10/80 12:32,+1 (800)555-9812,,+1 (800)555-7122,false,,high,,Whitmoyer,ewhitmoyer,
americas,,cardholder,ewhitmoyer,,,,,,,,,,,,,,ewhitmoyer,
cardholder,,,,,,,,,,,,,,,,,ewhitmoyer,
officer,americas,officer,rcloward@acmetech.com,42bc1365e4f05585dcc6a967f3caf3b6bbb0bef4,Raylene,,rcloward@acmetech.com,12/23/94 16:10,+1 (800)555-9908,money,+1 (800)555-5055,false,,critical,Ms.,Cloward,rcloward@acmetech.com,
pip,,pip,rcloward,,,,,,,,,,,,,,rcloward@acmetech.com,
americas,,,,,,,,,,,,,,,,,rcloward@acmetech.com,
officer,americas,officer,rcloward@acmetech.com,42bc1365e4f05585dcc6a967f3caf3b6bbb0bef4,Raylene,,rcloward@acmetech.com,12/23/94 16:10,+1 (800)555-9908,money,+1 (800)555-5055,false,,critical,Ms.,Cloward,rcloward,
pip,,pip,rcloward,,,,,,,,,,,,,,rcloward,
americas,,,,,,,,,,,,,,,,,rcloward,
americas,americas,,khorstman@acmetech.com,bed218f67b7ecaa6a2e1273e1c39a4bacf16b90b,Keena,,khorstman@acmetech.com,1/8/88 23:06,+1 (800)555-4711,,+1 (800)555-9586,false,,,Mrs.,Horstman,khorstman@acmetech.com,
,,,khorstman,,,,,,,,,,,,,,khorstman@acmetech.com,
americas,americas,,khorstman@acmetech.com,bed218f67b7ecaa6a2e1273e1c39a4bacf16b90b,Keena,,khorstman@acmetech.com,1/8/88 23:06,+1 (800)555-4711,,+1 (800)555-9586,false,,,Mrs.,Horstman,khorstman,
,,,khorstman,,,,,,,,,,,,,,khorstman,
contractor,americas,contractor,eberdan@acmetech.com,6c5175e6429f5b271e34dd8e1862edf127758c92,Edwina,,eberdan@acmetech.com,4/17/08 16:38,+1 (800)555-2243,,+1 (800)555-7697,false,,,Miss,Berdan,eberdan@acmetech.com,Turtle
americas,,,eberdan,,,,,,,,,,,,,,eberdan@acmetech.com,
contractor,americas,contractor,eberdan@acmetech.com,6c5175e6429f5b271e34dd8e1862edf127758c92,Edwina,,eberdan@acmetech.com,4/17/08 16:38,+1 (800)555-2243,,+1 (800)555-7697,false,,,Miss,Berdan,eberdan,Turtle
americas,,,eberdan,,,,,,,,,,,,,,eberdan,
americas,americas,,lurker,40dc2be278ea3c2e0955d6c2cabc07b38d3de107,Karey,2/7/02 10:43,kfloe@acmetech.com,2/7/72 16:54,+1 (800)555-1167,,+1 (800)555-9058,false,,low,Dr.,Floe,lurker,
,,,kfloe@acmetech.com,,,,,,,,,,,,,,lurker,
,,,kfloe,,,,,,,,,,,,,,lurker,
americas,americas,,lurker,40dc2be278ea3c2e0955d6c2cabc07b38d3de107,Karey,2/7/02 10:43,kfloe@acmetech.com,2/7/72 16:54,+1 (800)555-1167,,+1 (800)555-9058,false,,low,Dr.,Floe,kfloe@acmetech.com,
,,,kfloe@acmetech.com,,,,,,,,,,,,,,kfloe@acmetech.com,
,,,kfloe,,,,,,,,,,,,,,kfloe@acmetech.com,
americas,americas,,lurker,40dc2be278ea3c2e0955d6c2cabc07b38d3de107,Karey,2/7/02 10:43,kfloe@acmetech.com,2/7/72 16:54,+1 (800)555-1167,,+1 (800)555-9058,false,,low,Dr.,Floe,kfloe,
,,,kfloe@acmetech.com,,,,,,,,,,,,,,kfloe,
,,,kfloe,,,,,,,,,,,,,,kfloe,
americas,americas,,minfield@acmetech.com,1c3e3a7aa49cef043739bafeeb05b647107e8f5c,Manie,,minfield@acmetech.com,4/11/81 12:43,+1 (800)555-6705,,+1 (800)555-1910,false,,medium,,Infield,minfield@acmetech.com,
,,,minfield,,,,,,,,,,,,,,minfield@acmetech.com,
americas,americas,,minfield@acmetech.com,1c3e3a7aa49cef043739bafeeb05b647107e8f5c,Manie,,minfield@acmetech.com,4/11/81 12:43,+1 (800)555-6705,,+1 (800)555-1910,false,,medium,,Infield,minfield,
,,,minfield,,,,,,,,,,,,,,minfield,
pip,americas,pip,lborkoski@acmetech.com,ac6710c97b302463404339f4bf0cfcffd30c8058,Lashunda,,lborkoski@acmetech.com,7/19/88 2:21,+1 (800)555-6310,money,+1 (800)555-3184,false,,high,Ms.,Borkoski,lborkoski@acmetech.com,
americas,,,lborkoski,,,,,,,,,,,,,,lborkoski@acmetech.com,
pip,americas,pip,lborkoski@acmetech.com,ac6710c97b302463404339f4bf0cfcffd30c8058,Lashunda,,lborkoski@acmetech.com,7/19/88 2:21,+1 (800)555-6310,money,+1 (800)555-3184,false,,high,Ms.,Borkoski,lborkoski,
americas,,,lborkoski,,,,,,,,,,,,,,lborkoski,
americas,americas,,mgrieves@acmetech.com,dd33a42e08d7768375cc6229990447df9a0c2d03,Martin,,mgrieves@acmetech.com,7/7/03 0:17,+1 (800)555-3560,,+1 (800)555-3777,false,,critical,Mrs.,Grieves,mgrieves@acmetech.com,Marty
,,,mgrieves,,,,,,,,,,,,,,mgrieves@acmetech.com,
americas,americas,,mgrieves@acmetech.com,dd33a42e08d7768375cc6229990447df9a0c2d03,Martin,,mgrieves@acmetech.com,7/7/03 0:17,+1 (800)555-3560,,+1 (800)555-3777,false,,critical,Mrs.,Grieves,mgrieves,Marty
,,,mgrieves,,,,,,,,,,,,,,mgrieves,
americas,americas,,cpiening@acmetech.com,661c5f5def634e449665d66bf47899bf6deae5f9,Cathi,,cpiening@acmetech.com,6/28/71 1:42,+1 (800)555-4219,,+1 (800)555-1444,false,,,Miss,Piening,cpiening@acmetech.com,
,,,cpiening,,,,,,,,,,,,,,cpiening@acmetech.com,
americas,americas,,cpiening@acmetech.com,661c5f5def634e449665d66bf47899bf6deae5f9,Cathi,,cpiening@acmetech.com,6/28/71 1:42,+1 (800)555-4219,,+1 (800)555-1444,false,,,Miss,Piening,cpiening,
,,,cpiening,,,,,,,,,,,,,,cpiening,
americas,americas,,goose,12801aeaf6f4a5835ce71af06770a8c60e82817c,Sena,,sshouts@acmetech.com,12/3/78 13:01,+1 (800)555-6233,,+1 (800)555-9152,false,,,Dr.,Shouts,goose,
,,,senashouts,,,,,,,,,,,,,,goose,
,,,sshouts@acmetech.com,,,,,,,,,,,,,,goose,
,,,sshouts,,,,,,,,,,,,,,goose,
americas,americas,,goose,12801aeaf6f4a5835ce71af06770a8c60e82817c,Sena,,sshouts@acmetech.com,12/3/78 13:01,+1 (800)555-6233,,+1 (800)555-9152,false,,,Dr.,Shouts,senashouts,
,,,senashouts,,,,,,,,,,,,,,senashouts,
,,,sshouts@acmetech.com,,,,,,,,,,,,,,senashouts,
,,,sshouts,,,,,,,,,,,,,,senashouts,
americas,americas,,goose,12801aeaf6f4a5835ce71af06770a8c60e82817c,Sena,,sshouts@acmetech.com,12/3/78 13:01,+1 (800)555-6233,,+1 (800)555-9152,false,,,Dr.,Shouts,sshouts@acmetech.com,
,,,senashouts,,,,,,,,,,,,,,sshouts@acmetech.com,
,,,sshouts@acmetech.com,,,,,,,,,,,,,,sshouts@acmetech.com,
,,,sshouts,,,,,,,,,,,,,,sshouts@acmetech.com,
americas,americas,,goose,12801aeaf6f4a5835ce71af06770a8c60e82817c,Sena,,sshouts@acmetech.com,12/3/78 13:01,+1 (800)555-6233,,+1 (800)555-9152,false,,,Dr.,Shouts,sshouts,
,,,senashouts,,,,,,,,,,,,,,sshouts,
,,,sshouts@acmetech.com,,,,,,,,,,,,,,sshouts,
,,,sshouts,,,,,,,,,,,,,,sshouts,
americas,americas,intern,atrisler@acmetech.com,b6ed4dce34576557cc1e92f5dbf482f32de18ebc,Afton,,atrisler@acmetech.com,10/20/96 16:04,+1 (800)555-8924,,+1 (800)555-2267,false,,low,,Trisler,atrisler@acmetech.com,
intern,,,atrisler,,,,,,,,,,,,,,atrisler@acmetech.com,
americas,americas,intern,atrisler@acmetech.com,b6ed4dce34576557cc1e92f5dbf482f32de18ebc,Afton,,atrisler@acmetech.com,10/20/96 16:04,+1 (800)555-8924,,+1 (800)555-2267,false,,low,,Trisler,atrisler,
intern,,,atrisler,,,,,,,,,,,,,,atrisler,
americas,americas,,cargento@acmetech.com,0b472d6be66d16081dcd05d6b84682db93d43daf,Consuela,7/25/83 1:03,cargento@acmetech.com,10/2/75 16:55,+1 (800)555-5699,,+1 (800)555-9399,false,,medium,Ms.,Argento,cargento@acmetech.com,
,,,cargento,,,,,,,,,,,,,,cargento@acmetech.com,
americas,americas,,cargento@acmetech.com,0b472d6be66d16081dcd05d6b84682db93d43daf,Consuela,7/25/83 1:03,cargento@acmetech.com,10/2/75 16:55,+1 (800)555-5699,,+1 (800)555-9399,false,,medium,Ms.,Argento,cargento,
,,,cargento,,,,,,,,,,,,,,cargento,
americas,americas,,capela@acmetech.com,7c4bc46e52a7738b7c028a00296778a0837c8cb0,Chloe,,capela@acmetech.com,1/31/75 18:43,+1 (800)555-8783,goose,+1 (800)555-9838,false,,high,Mrs.,Apela,capela@acmetech.com,
,,,capela,,,,,,,,,,,,,,capela@acmetech.com,
americas,americas,,capela@acmetech.com,7c4bc46e52a7738b7c028a00296778a0837c8cb0,Chloe,,capela@acmetech.com,1/31/75 18:43,+1 (800)555-8783,goose,+1 (800)555-9838,false,,high,Mrs.,Apela,capela,
,,,capela,,,,,,,,,,,,,,capela,
pci,americas,pci,sstansbury@acmetech.com,6d46d738a729d53579aefbf334364a07ee82faaf,Staci,,sstansbury@acmetech.com,1/26/83 10:23,+1 (800)555-5911,,+1 (800)555-9435,false,,critical,Miss,Stansbury,sstansbury@acmetech.com,
americas,,,sstansbury,,,,,,,,,,,,,,sstansbury@acmetech.com,
pci,americas,pci,sstansbury@acmetech.com,6d46d738a729d53579aefbf334364a07ee82faaf,Staci,,sstansbury@acmetech.com,1/26/83 10:23,+1 (800)555-5911,,+1 (800)555-9435,false,,critical,Miss,Stansbury,sstansbury,
americas,,,sstansbury,,,,,,,,,,,,,,sstansbury,
americas,americas,,dude,ce727fd246150095bb7eb7c6bb47295adcecdca7,Talitha,,twegner@acmetech.com,6/16/02 0:50,+1 (800)555-5314,,+1 (800)555-6896,false,,,Dr.,Wegner,dude,
,,,twegner@acmetech.com,,,,,,,,,,,,,,dude,
,,,twegner,,,,,,,,,,,,,,dude,
americas,americas,,dude,ce727fd246150095bb7eb7c6bb47295adcecdca7,Talitha,,twegner@acmetech.com,6/16/02 0:50,+1 (800)555-5314,,+1 (800)555-6896,false,,,Dr.,Wegner,twegner@acmetech.com,
,,,twegner@acmetech.com,,,,,,,,,,,,,,twegner@acmetech.com,
,,,twegner,,,,,,,,,,,,,,twegner@acmetech.com,
americas,americas,,dude,ce727fd246150095bb7eb7c6bb47295adcecdca7,Talitha,,twegner@acmetech.com,6/16/02 0:50,+1 (800)555-5314,,+1 (800)555-6896,false,,,Dr.,Wegner,twegner,
,,,twegner@acmetech.com,,,,,,,,,,,,,,twegner,
,,,twegner,,,,,,,,,,,,,,twegner,
americas,americas,,nhenderosn@acmetech.com,0eaccc1a4eb4ef591b03dbe6a21bd7f185410398,Nelson,,nhenderosn@acmetech.com,4/23/74 12:52,+1 (800)555-6434,,+1 (800)555-7092,false,,,,Henderosn,nhenderosn@acmetech.com,
,,,nhenderosn,,,,,,,,,,,,,,nhenderosn@acmetech.com,
americas,americas,,nhenderosn@acmetech.com,0eaccc1a4eb4ef591b03dbe6a21bd7f185410398,Nelson,,nhenderosn@acmetech.com,4/23/74 12:52,+1 (800)555-6434,,+1 (800)555-7092,false,,,,Henderosn,nhenderosn,
,,,nhenderosn,,,,,,,,,,,,,,nhenderosn,
watchlist,americas,,msharplin@acmetech.com,88e2fa9052a4f0cdb2d62ce0cf1c109f212eef57,Mervin,,msharplin@acmetech.com,9/23/97 16:04,+1 (800)555-6658,,+1 (800)555-9603,true,,low,Mr.,Sharplin,msharplin@acmetech.com,
americas,,,msharplin,,,,,,,,,,,,,,msharplin@acmetech.com,
watchlist,americas,,msharplin@acmetech.com,88e2fa9052a4f0cdb2d62ce0cf1c109f212eef57,Mervin,,msharplin@acmetech.com,9/23/97 16:04,+1 (800)555-6658,,+1 (800)555-9603,true,,low,Mr.,Sharplin,msharplin,
americas,,,msharplin,,,,,,,,,,,,,,msharplin,
contractor,americas,contractor,bzeier@acmetech.com,d334165f76a69604161303b5d2a505b715b74312,Brant,,bzeier@acmetech.com,4/4/74 8:00,+1 (800)555-4426,,+1 (800)555-1693,false,I,medium,Dr.,Zeier,bzeier@acmetech.com,
americas,,,bzeier,,,,,,,,,,,,,,bzeier@acmetech.com,
contractor,americas,contractor,bzeier@acmetech.com,d334165f76a69604161303b5d2a505b715b74312,Brant,,bzeier@acmetech.com,4/4/74 8:00,+1 (800)555-4426,,+1 (800)555-1693,false,I,medium,Dr.,Zeier,bzeier,
americas,,,bzeier,,,,,,,,,,,,,,bzeier,
americas,americas,,hchelette@acmetech.com,870a138194ec2711f1b857bcd027c45c799a5cc9,Hans,,hchelette@acmetech.com,12/7/98 21:42,+1 (800)555-6528,,+1 (800)555-5443,false,,high,,Chelette,hchelette@acmetech.com,
,,,hchelette,,,,,,,,,,,,,,hchelette@acmetech.com,
americas,americas,,hchelette@acmetech.com,870a138194ec2711f1b857bcd027c45c799a5cc9,Hans,,hchelette@acmetech.com,12/7/98 21:42,+1 (800)555-6528,,+1 (800)555-5443,false,,high,,Chelette,hchelette,
,,,hchelette,,,,,,,,,,,,,,hchelette,
officer,americas,officer,taters,15699b59f9a4e1cc5a9c3bb1a51715cac81c61c0,Timothy,,tlietzow@acmetech.com,7/31/99 23:24,+1 (800)555-1060,a.koski,+1 (800)555-7024,false,,critical,Mr.,Lietzow,taters,Tim
americas,,,lietzow.tim,,,,,,,,,,,,,,taters,
,,,tlietzow@acmetech.com,,,,,,,,,,,,,,taters,
,,,tlietzow,,,,,,,,,,,,,,taters,
officer,americas,officer,taters,15699b59f9a4e1cc5a9c3bb1a51715cac81c61c0,Timothy,,tlietzow@acmetech.com,7/31/99 23:24,+1 (800)555-1060,a.koski,+1 (800)555-7024,false,,critical,Mr.,Lietzow,lietzow.tim,Tim
americas,,,lietzow.tim,,,,,,,,,,,,,,lietzow.tim,
,,,tlietzow@acmetech.com,,,,,,,,,,,,,,lietzow.tim,
,,,tlietzow,,,,,,,,,,,,,,lietzow.tim,
officer,americas,officer,taters,15699b59f9a4e1cc5a9c3bb1a51715cac81c61c0,Timothy,,tlietzow@acmetech.com,7/31/99 23:24,+1 (800)555-1060,a.koski,+1 (800)555-7024,false,,critical,Mr.,Lietzow,tlietzow@acmetech.com,Tim
americas,,,lietzow.tim,,,,,,,,,,,,,,tlietzow@acmetech.com,
,,,tlietzow@acmetech.com,,,,,,,,,,,,,,tlietzow@acmetech.com,
,,,tlietzow,,,,,,,,,,,,,,tlietzow@acmetech.com,
officer,americas,officer,taters,15699b59f9a4e1cc5a9c3bb1a51715cac81c61c0,Timothy,,tlietzow@acmetech.com,7/31/99 23:24,+1 (800)555-1060,a.koski,+1 (800)555-7024,false,,critical,Mr.,Lietzow,tlietzow,Tim
americas,,,lietzow.tim,,,,,,,,,,,,,,tlietzow,
,,,tlietzow@acmetech.com,,,,,,,,,,,,,,tlietzow,
,,,tlietzow,,,,,,,,,,,,,,tlietzow,
pip,americas,pip,bmcgown@acmetech.com,3e1177acf56c5452a4f0a5fbf35021a50613019a,Bryant,,bmcgown@acmetech.com,4/20/77 19:44,+1 (800)555-7477,,+1 (800)555-1337,false,,,Dr.,Mcgown,bmcgown@acmetech.com,
americas,,,bmcgown,,,,,,,,,,,,,,bmcgown@acmetech.com,
pip,americas,pip,bmcgown@acmetech.com,3e1177acf56c5452a4f0a5fbf35021a50613019a,Bryant,,bmcgown@acmetech.com,4/20/77 19:44,+1 (800)555-7477,,+1 (800)555-1337,false,,,Dr.,Mcgown,bmcgown,
americas,,,bmcgown,,,,,,,,,,,,,,bmcgown,
americas,americas,,gclough@acmetech.com,4a787cdfbaa660de0839ce433850f05798a108b7,Gordon,6/28/90 13:40,gclough@acmetech.com,1/29/75 0:03,+1 (800)555-5530,lietzow.tim,+1 (800)555-7083,false,,,,Clough,gclough@acmetech.com,
,,,gclough,,,,,,,,,,,,,,gclough@acmetech.com,
americas,americas,,gclough@acmetech.com,4a787cdfbaa660de0839ce433850f05798a108b7,Gordon,6/28/90 13:40,gclough@acmetech.com,1/29/75 0:03,+1 (800)555-5530,lietzow.tim,+1 (800)555-7083,false,,,,Clough,gclough,
,,,gclough,,,,,,,,,,,,,,gclough,
americas,americas,,egamm@acmetech.com,ead6551c93ba3f46247ee1439e6340fc9f700f07,Emile,,egamm@acmetech.com,2/1/04 3:20,+1 (800)555-8152,,+1 (800)555-4527,false,,low,Mr.,Gamm,egamm@acmetech.com,
,,,egamm,,,,,,,,,,,,,,egamm@acmetech.com,
americas,americas,,egamm@acmetech.com,ead6551c93ba3f46247ee1439e6340fc9f700f07,Emile,,egamm@acmetech.com,2/1/04 3:20,+1 (800)555-8152,,+1 (800)555-4527,false,,low,Mr.,Gamm,egamm,
,,,egamm,,,,,,,,,,,,,,egamm,
americas,americas,,pfaurote@acmetech.com,77e3ed8d31ed7aa1f94168b557da6808b22756b2,Paul,,pfaurote@acmetech.com,8/29/97 10:14,+1 (800)555-8822,,+1 (800)555-5168,false,,medium,Dr.,Faurote,pfaurote@acmetech.com,
,,,pfaurote,,,,,,,,,,,,,,pfaurote@acmetech.com,
americas,americas,,pfaurote@acmetech.com,77e3ed8d31ed7aa1f94168b557da6808b22756b2,Paul,,pfaurote@acmetech.com,8/29/97 10:14,+1 (800)555-8822,,+1 (800)555-5168,false,,medium,Dr.,Faurote,pfaurote,
,,,pfaurote,,,,,,,,,,,,,,pfaurote,
sox,americas,sox,pineapple,135c67719d7249141d2f7acab72cfef66c24d27f,Forrest,,fglaviano@acmetech.com,10/16/97 18:04,+1 (800)555-8904,,+1 (800)555-1053,false,,high,,Glaviano,pineapple,
americas,,,fglaviano@acmetech.com,,,,,,,,,,,,,,pineapple,
,,,fglaviano,,,,,,,,,,,,,,pineapple,
sox,americas,sox,pineapple,135c67719d7249141d2f7acab72cfef66c24d27f,Forrest,,fglaviano@acmetech.com,10/16/97 18:04,+1 (800)555-8904,,+1 (800)555-1053,false,,high,,Glaviano,fglaviano@acmetech.com,
americas,,,fglaviano@acmetech.com,,,,,,,,,,,,,,fglaviano@acmetech.com,
,,,fglaviano,,,,,,,,,,,,,,fglaviano@acmetech.com,
sox,americas,sox,pineapple,135c67719d7249141d2f7acab72cfef66c24d27f,Forrest,,fglaviano@acmetech.com,10/16/97 18:04,+1 (800)555-8904,,+1 (800)555-1053,false,,high,,Glaviano,fglaviano,
americas,,,fglaviano@acmetech.com,,,,,,,,,,,,,,fglaviano,
,,,fglaviano,,,,,,,,,,,,,,fglaviano,
americas,americas,,blinebaugh@acmetech.com,d1060d45dd9b961eaa9d9cfa1d30a1f385a2ec1c,Robert,,blinebaugh@acmetech.com,2/6/98 4:55,+1 (800)555-1708,,+1 (800)555-9342,false,,critical,Mr.,Linebaugh,blinebaugh@acmetech.com,Bobby
,,,blinebaugh,,,,,,,,,,,,,,blinebaugh@acmetech.com,
americas,americas,,blinebaugh@acmetech.com,d1060d45dd9b961eaa9d9cfa1d30a1f385a2ec1c,Robert,,blinebaugh@acmetech.com,2/6/98 4:55,+1 (800)555-1708,,+1 (800)555-9342,false,,critical,Mr.,Linebaugh,blinebaugh,Bobby
,,,blinebaugh,,,,,,,,,,,,,,blinebaugh,
americas,americas,intern,idoiley@acmetech.com,bb917f8350f13ba7986c1d33b96dfcea8a0eb4fb,Ian,,idoiley@acmetech.com,4/30/70 13:21,+1 (800)555-5475,lietzow.tim,+1 (800)555-3981,false,,,Dr.,Doiley,idoiley@acmetech.com,
intern,,,idoiley,,,,,,,,,,,,,,idoiley@acmetech.com,
americas,americas,intern,idoiley@acmetech.com,bb917f8350f13ba7986c1d33b96dfcea8a0eb4fb,Ian,,idoiley@acmetech.com,4/30/70 13:21,+1 (800)555-5475,lietzow.tim,+1 (800)555-3981,false,,,Dr.,Doiley,idoiley,
intern,,,idoiley,,,,,,,,,,,,,,idoiley,
americas,americas,,jnewberg@acmetech.com,0efacdc16e7a5ff5edffc1666ce952ef6ef437d2,Julio,,jnewberg@acmetech.com,6/7/89 8:11,+1 (800)555-6611,,+1 (800)555-6015,false,II,,,Newberg,jnewberg@acmetech.com,
,,,jnewberg,,,,,,,,,,,,,,jnewberg@acmetech.com,
americas,americas,,jnewberg@acmetech.com,0efacdc16e7a5ff5edffc1666ce952ef6ef437d2,Julio,,jnewberg@acmetech.com,6/7/89 8:11,+1 (800)555-6611,,+1 (800)555-6015,false,II,,,Newberg,jnewberg,
,,,jnewberg,,,,,,,,,,,,,,jnewberg,
americas,americas,,wgroce@acmetech.com,4ce86f5f1fefc1ddac0d3220922fb03891a1c7a2,Wilfred,,wgroce@acmetech.com,8/14/82 20:23,+1 (800)555-4409,,+1 (800)555-7116,false,,low,Mr.,Groce,wgroce@acmetech.com,
,,,wgroce,,,,,,,,,,,,,,wgroce@acmetech.com,
americas,americas,,wgroce@acmetech.com,4ce86f5f1fefc1ddac0d3220922fb03891a1c7a2,Wilfred,,wgroce@acmetech.com,8/14/82 20:23,+1 (800)555-4409,,+1 (800)555-7116,false,,low,Mr.,Groce,wgroce,
,,,wgroce,,,,,,,,,,,,,,wgroce,
pci,americas,pci,bakery,b799d20269c999ed6ef7d842e447a056aeeb25c6,Wendell,,wohler@acmetech.com,2/10/83 23:54,+1 (800)555-7179,,+1 (800)555-1374,false,,medium,Dr.,Ohler,bakery,
americas,,cardholder,ohlerw,,,,,,,,,,,,,,bakery,
cardholder,,,wohler@acmetech.com,,,,,,,,,,,,,,bakery,
,,,wohler,,,,,,,,,,,,,,bakery,
pci,americas,pci,bakery,b799d20269c999ed6ef7d842e447a056aeeb25c6,Wendell,,wohler@acmetech.com,2/10/83 23:54,+1 (800)555-7179,,+1 (800)555-1374,false,,medium,Dr.,Ohler,ohlerw,
americas,,cardholder,ohlerw,,,,,,,,,,,,,,ohlerw,
cardholder,,,wohler@acmetech.com,,,,,,,,,,,,,,ohlerw,
,,,wohler,,,,,,,,,,,,,,ohlerw,
pci,americas,pci,bakery,b799d20269c999ed6ef7d842e447a056aeeb25c6,Wendell,,wohler@acmetech.com,2/10/83 23:54,+1 (800)555-7179,,+1 (800)555-1374,false,,medium,Dr.,Ohler,wohler@acmetech.com,
americas,,cardholder,ohlerw,,,,,,,,,,,,,,wohler@acmetech.com,
cardholder,,,wohler@acmetech.com,,,,,,,,,,,,,,wohler@acmetech.com,
,,,wohler,,,,,,,,,,,,,,wohler@acmetech.com,
pci,americas,pci,bakery,b799d20269c999ed6ef7d842e447a056aeeb25c6,Wendell,,wohler@acmetech.com,2/10/83 23:54,+1 (800)555-7179,,+1 (800)555-1374,false,,medium,Dr.,Ohler,wohler,
americas,,cardholder,ohlerw,,,,,,,,,,,,,,wohler,
cardholder,,,wohler@acmetech.com,,,,,,,,,,,,,,wohler,
,,,wohler,,,,,,,,,,,,,,wohler,
americas,americas,,smamone@acmetech.com,78b8fc584e4fd2332f88eccde8bb95339dfa3876,Sebastian,,smamone@acmetech.com,9/6/03 20:53,+1 (800)555-6790,,+1 (800)555-3276,false,,high,,Mamone,smamone@acmetech.com,
,,,smamone,,,,,,,,,,,,,,smamone@acmetech.com,
americas,americas,,smamone@acmetech.com,78b8fc584e4fd2332f88eccde8bb95339dfa3876,Sebastian,,smamone@acmetech.com,9/6/03 20:53,+1 (800)555-6790,,+1 (800)555-3276,false,,high,,Mamone,smamone,
,,,smamone,,,,,,,,,,,,,,smamone,
americas,americas,,hax0r,03ad688f8eb870d0bf7d2d01e681370edcbb0193,Hershel,3/2/98 22:53,htrapper@acmetech.com,6/15/93 20:07,+1 (800)555-3039,,+1 (800)555-3154,false,,critical,Mr.,Trapper,hax0r,
,,,htrapper@acmetech.com,,,,,,,,,,,,,,hax0r,
,,,htrapper,,,,,,,,,,,,,,hax0r,
americas,americas,,hax0r,03ad688f8eb870d0bf7d2d01e681370edcbb0193,Hershel,3/2/98 22:53,htrapper@acmetech.com,6/15/93 20:07,+1 (800)555-3039,,+1 (800)555-3154,false,,critical,Mr.,Trapper,htrapper@acmetech.com,
,,,htrapper@acmetech.com,,,,,,,,,,,,,,htrapper@acmetech.com,
,,,htrapper,,,,,,,,,,,,,,htrapper@acmetech.com,
americas,americas,,hax0r,03ad688f8eb870d0bf7d2d01e681370edcbb0193,Hershel,3/2/98 22:53,htrapper@acmetech.com,6/15/93 20:07,+1 (800)555-3039,,+1 (800)555-3154,false,,critical,Mr.,Trapper,htrapper,
,,,htrapper@acmetech.com,,,,,,,,,,,,,,htrapper,
,,,htrapper,,,,,,,,,,,,,,htrapper,
americas,americas,,ecudan@acmetech.com,3cac80e75f229700bc0ee56d254f61d8f3765086,Efrain,,ecudan@acmetech.com,4/19/75 19:33,+1 (800)555-9049,,+1 (800)555-3814,false,,,Dr.,Cudan,ecudan@acmetech.com,
,,,ecudan,,,,,,,,,,,,,,ecudan@acmetech.com,
americas,americas,,ecudan@acmetech.com,3cac80e75f229700bc0ee56d254f61d8f3765086,Efrain,,ecudan@acmetech.com,4/19/75 19:33,+1 (800)555-9049,,+1 (800)555-3814,false,,,Dr.,Cudan,ecudan,
,,,ecudan,,,,,,,,,,,,,,ecudan,
americas,americas,,npernesky@acmetech.com,852af37139416eec2a4f62cddb95e3d9317affc7,Nathanael,,npernesky@acmetech.com,11/25/85 14:09,+1 (800)555-1713,,+1 (800)555-5253,false,,,,Pernesky,npernesky@acmetech.com,Nathan
,,,npernesky,,,,,,,,,,,,,,npernesky@acmetech.com,
americas,americas,,npernesky@acmetech.com,852af37139416eec2a4f62cddb95e3d9317affc7,Nathanael,,npernesky@acmetech.com,11/25/85 14:09,+1 (800)555-1713,,+1 (800)555-5253,false,,,,Pernesky,npernesky,Nathan
,,,npernesky,,,,,,,,,,,,,,npernesky,
americas,americas,,mud,a4a9c28f7dfb3114eac348193480c5a035d2367c,Long,8/2/94 12:39,lgehret@acmetech.com,10/8/73 20:34,+1 (800)555-9642,a.koski,+1 (800)555-2707,false,,low,Mr.,Gehret,mud,
,,,lgehret@acmetech.com,,,,,,,,,,,,,,mud,
,,,lgehret,,,,,,,,,,,,,,mud,
americas,americas,,mud,a4a9c28f7dfb3114eac348193480c5a035d2367c,Long,8/2/94 12:39,lgehret@acmetech.com,10/8/73 20:34,+1 (800)555-9642,a.koski,+1 (800)555-2707,false,,low,Mr.,Gehret,lgehret@acmetech.com,
,,,lgehret@acmetech.com,,,,,,,,,,,,,,lgehret@acmetech.com,
,,,lgehret,,,,,,,,,,,,,,lgehret@acmetech.com,
americas,americas,,mud,a4a9c28f7dfb3114eac348193480c5a035d2367c,Long,8/2/94 12:39,lgehret@acmetech.com,10/8/73 20:34,+1 (800)555-9642,a.koski,+1 (800)555-2707,false,,low,Mr.,Gehret,lgehret,
,,,lgehret@acmetech.com,,,,,,,,,,,,,,lgehret,
,,,lgehret,,,,,,,,,,,,,,lgehret,
contractor,americas,contractor,rgalizia@acmetech.com,b0cc147dd5e49e5d3e0b7a2cdccc6639cd798aa7,Rocky,,rgalizia@acmetech.com,2/18/95 2:27,+1 (800)555-1104,,+1 (800)555-1465,true,,medium,Dr.,Galizia,rgalizia@acmetech.com,Drama
watchlist,,pip,rgalizia,,,,,,,,,,,,,,rgalizia@acmetech.com,
pip,,,,,,,,,,,,,,,,,rgalizia@acmetech.com,
americas,,,,,,,,,,,,,,,,,rgalizia@acmetech.com,
contractor,americas,contractor,rgalizia@acmetech.com,b0cc147dd5e49e5d3e0b7a2cdccc6639cd798aa7,Rocky,,rgalizia@acmetech.com,2/18/95 2:27,+1 (800)555-1104,,+1 (800)555-1465,true,,medium,Dr.,Galizia,rgalizia,Drama
watchlist,,pip,rgalizia,,,,,,,,,,,,,,rgalizia,
pip,,,,,,,,,,,,,,,,,rgalizia,
americas,,,,,,,,,,,,,,,,,rgalizia,
americas,americas,,agasiewski@acmetech.com,4e7a3fc1ef63d0d1705073b74b0e43da1e3656b2,Anton,,agasiewski@acmetech.com,9/23/78 21:15,+1 (800)555-3720,,+1 (800)555-7601,false,Jr.,high,,Gasiewski,agasiewski@acmetech.com,
,,,agasiewski,,,,,,,,,,,,,,agasiewski@acmetech.com,
americas,americas,,agasiewski@acmetech.com,4e7a3fc1ef63d0d1705073b74b0e43da1e3656b2,Anton,,agasiewski@acmetech.com,9/23/78 21:15,+1 (800)555-3720,,+1 (800)555-7601,false,Jr.,high,,Gasiewski,agasiewski,
,,,agasiewski,,,,,,,,,,,,,,agasiewski,
americas,americas,,rfrie@acmetech.com,af20c7788208e1cfecf00454e813c4f05919fb11,Ralph,,rfrie@acmetech.com,12/3/70 10:14,+1 (800)555-5147,,+1 (800)555-1061,false,Sr.,critical,Mr.,Frie,rfrie@acmetech.com,
,,,rfrie,,,,,,,,,,,,,,rfrie@acmetech.com,
americas,americas,,rfrie@acmetech.com,af20c7788208e1cfecf00454e813c4f05919fb11,Ralph,,rfrie@acmetech.com,12/3/70 10:14,+1 (800)555-5147,,+1 (800)555-1061,false,Sr.,critical,Mr.,Frie,rfrie,
,,,rfrie,,,,,,,,,,,,,,rfrie,
americas,americas,,cgoding@acmetech.com,081a7e1bce02eda1cef820ef5dde5a3b345f66f2,Casey,9/22/01 8:29,cgoding@acmetech.com,8/18/70 6:31,+1 (800)555-9163,,+1 (800)555-5838,false,III,,Dr.,Goding,cgoding@acmetech.com,
,,,cgoding,,,,,,,,,,,,,,cgoding@acmetech.com,
americas,americas,,cgoding@acmetech.com,081a7e1bce02eda1cef820ef5dde5a3b345f66f2,Casey,9/22/01 8:29,cgoding@acmetech.com,8/18/70 6:31,+1 (800)555-9163,,+1 (800)555-5838,false,III,,Dr.,Goding,cgoding,
,,,cgoding,,,,,,,,,,,,,,cgoding,
americas,americas,,gamer,dd924eedbac1e69978fc2c06919fc40d6ce1b3d2,Chadwick,,clejenne@acmetech.com,2/8/03 14:38,+1 (800)555-6931,,+1 (800)555-8217,false,IV,,,Lejenne,gamer,Chad
,,,chaleje,,,,,,,,,,,,,,gamer,
,,,clejenne@acmetech.com,,,,,,,,,,,,,,gamer,
,,,clejenne,,,,,,,,,,,,,,gamer,
americas,americas,,gamer,dd924eedbac1e69978fc2c06919fc40d6ce1b3d2,Chadwick,,clejenne@acmetech.com,2/8/03 14:38,+1 (800)555-6931,,+1 (800)555-8217,false,IV,,,Lejenne,chaleje,Chad
,,,chaleje,,,,,,,,,,,,,,chaleje,
,,,clejenne@acmetech.com,,,,,,,,,,,,,,chaleje,
,,,clejenne,,,,,,,,,,,,,,chaleje,
americas,americas,,gamer,dd924eedbac1e69978fc2c06919fc40d6ce1b3d2,Chadwick,,clejenne@acmetech.com,2/8/03 14:38,+1 (800)555-6931,,+1 (800)555-8217,false,IV,,,Lejenne,clejenne@acmetech.com,Chad
,,,chaleje,,,,,,,,,,,,,,clejenne@acmetech.com,
,,,clejenne@acmetech.com,,,,,,,,,,,,,,clejenne@acmetech.com,
,,,clejenne,,,,,,,,,,,,,,clejenne@acmetech.com,
americas,americas,,gamer,dd924eedbac1e69978fc2c06919fc40d6ce1b3d2,Chadwick,,clejenne@acmetech.com,2/8/03 14:38,+1 (800)555-6931,,+1 (800)555-8217,false,IV,,,Lejenne,clejenne,Chad
,,,chaleje,,,,,,,,,,,,,,clejenne,
,,,clejenne@acmetech.com,,,,,,,,,,,,,,clejenne,
,,,clejenne,,,,,,,,,,,,,,clejenne,
officer,americas,officer,bill_williams@acmecorp.com,70808a13a5735b303f7ce51cb938c6263d3f20ec,William,,Bill_williams@acmecorp.com,3/8/02 0:00,+1 (800)555-1212,,,true,,medium,Mr.,Williams,bill_williams@acmecorp.com,Bill
watchlist,,,bill_williams,,,,,,,,,,,,,,bill_williams@acmecorp.com,
americas,,,,,,,,,,,,,,,,,bill_williams@acmecorp.com,
officer,americas,officer,bill_williams@acmecorp.com,70808a13a5735b303f7ce51cb938c6263d3f20ec,William,,Bill_williams@acmecorp.com,3/8/02 0:00,+1 (800)555-1212,,,true,,medium,Mr.,Williams,bill_williams,Bill
watchlist,,,bill_williams,,,,,,,,,,,,,,bill_williams,
americas,,,,,,,,,,,,,,,,,bill_williams,
americas,americas,,dmsys,dae1036693b4aad4b76abdef991165fce29d72a0,Don,7/20/83 1:03,dmsys@acmetech.com,10/2/75 10:55,+1 (800)555-5670,,+1 (800)555-9400,false,,medium,Mr.,Meyers,dmsys,
,,,dmsys@acmetech.com,,,,,,,,,,,,,,dmsys,
americas,americas,,dmsys,dae1036693b4aad4b76abdef991165fce29d72a0,Don,7/20/83 1:03,dmsys@acmetech.com,10/2/75 10:55,+1 (800)555-5670,,+1 (800)555-9400,false,,medium,Mr.,Meyers,dmsys@acmetech.com,
,,,dmsys@acmetech.com,,,,,,,,,,,,,,dmsys@acmetech.com,
privileged,,privileged,3comcso,7c006ad9c18ffcb6a989d507c176eaef6fb2bb10,,,,,,,,false,,,,,3comcso,
default,,default,,,,,,,,,,,,,,,3comcso,
privileged,,privileged,adfexc,404cc36737c00e68441dc37b07e62dffd69213ae,,,,,,,,false,,,,,adfexc,
default,,default,,,,,,,,,,,,,,,adfexc,
privileged,,privileged,adm,42ef63e7836ef622d9185c1a456051edf16095cc,,,,,,,,false,,,,,adm,
default,,default,,,,,,,,,,,,,,,adm,
privileged,,privileged,admin,4ad56b1faebcc42e3df4bcb5d810870ef5cb7081,,,,,,,,false,,,,,admin,
default,,default,administrator,,,,,,,,,,,,,,admin,
privileged,,privileged,admin,4ad56b1faebcc42e3df4bcb5d810870ef5cb7081,,,,,,,,false,,,,,administrator,
default,,default,administrator,,,,,,,,,,,,,,administrator,
privileged,,privileged,anonymous,0a92fab3230134cca6eadd9898325b9b2ae67998,,,,,,,,false,,,,,anonymous,
default,,default,,,,,,,,,,,,,,,anonymous,
privileged,,privileged,adminuser,6f372c90822f7de721f3e6edc42653a746e81d90,,,,,,,,false,,,,,adminuser,
default,,default,,,,,,,,,,,,,,,adminuser,
privileged,,privileged,advmail,e2af2840555c5e6f390eff4923b16ff5e8b601bd,,,,,,,,false,,,,,advmail,
default,,default,,,,,,,,,,,,,,,advmail,
privileged,,privileged,bciim,f4a6b2462b06c00437a2d8b80ffb1c9c0b9f360f,,,,,,,,false,,,,,bciim,
default,,default,,,,,,,,,,,,,,,bciim,
privileged,,privileged,bcms,951f6c75e2cf5ef1a6a78346a21d8eacdba5f372,,,,,,,,false,,,,,bcms,
default,,default,,,,,,,,,,,,,,,bcms,
privileged,,privileged,browse,0f6a24fa439e992bc7919aa2d949c05077899adc,,,,,,,,false,,,,,browse,
default,,default,,,,,,,,,,,,,,,browse,
privileged,,privileged,cisco,7af78c911d5b48bea1dc2449d9d89513abeb4be5,,,,,,,,false,,,,,cisco,
default,,default,,,,,,,,,,,,,,,cisco,
privileged,,privileged,cusadmin,8f198fad85c1ade2c1fa575158726672d789eeea,,,,,,,,false,,,,,cusadmin,
default,,default,,,,,,,,,,,,,,,cusadmin,
privileged,,privileged,cust,4e72d9caec529c5cadf0a9dd5d3799831ce631f6,,,,,,,,false,,,,,cust,
default,,default,,,,,,,,,,,,,,,cust,
privileged,,privileged,deskalt,53bf2d7819647033085ccc6324d8c579ebdabb47,,,,,,,,false,,,,,deskalt,
default,,default,,,,,,,,,,,,,,,deskalt,
privileged,,privileged,oracle,431364b6450fc47ccdbf6a2205dfdb1baeb79412,,,,,,,,false,,,,,oracle,
default,,default,,,,,,,,,,,,,,,oracle,
privileged,,privileged,dhs3mt,60847cc0923894cf383b49dc9c06b4e9276da3b0,,,,,,,,false,,,,,dhs3mt,
default,,default,,,,,,,,,,,,,,,dhs3mt,
privileged,,privileged,ftp_oper,daa19bba71b8aeb62773e0064860e1b1d5205259,,,,,,,,false,,,,,ftp_oper,
default,,default,,,,,,,,,,,,,,,ftp_oper,
privileged,,privileged,gearguy,5c4849439ad2d19e2ee637ecdbdb01f8696712b9,,,,,,,,false,,,,,gearguy,
default,,default,,,,,,,,,,,,,,,gearguy,
privileged,,privileged,globaladmin,7079dc79312fd341310d4d791c0a7f1a534eafa5,,,,,,,,false,,,,,globaladmin,
default,,default,,,,,,,,,,,,,,,globaladmin,
privileged,,privileged,guest,35675e68f4b5af7b995d9205ad0fc43842f16450,,,,,,,,false,,,,,guest,
default,,default,,,,,,,,,,,,,,,guest,
privileged,,privileged,halt,c4bb896961f2dfd5f739d87783887e08f07bb4d6,,,,,,,,false,,,,,halt,
default,,default,,,,,,,,,,,,,,,halt,
privileged,,privileged,hello,aaf4c61ddcc5e8a2dabede0f3b482cd9aea9434d,,,,,,,,false,,,,,hello,
default,,default,,,,,,,,,,,,,,,hello,
privileged,,privileged,hscroot,f1682b6a305642c6a5d819b696220b767b2059a3,,,,,,,,false,,,,,hscroot,
default,,default,,,,,,,,,,,,,,,hscroot,
privileged,,privileged,intrastack,43a4cf25f755da297e6cd4ff766f49a48a479c62,,,,,,,,false,,,,,intrastack,
default,,default,,,,,,,,,,,,,,,intrastack,
default,,default,local service,e2433ce0dd7fd8e1087eaebd1dfd70c3f987eb96,,,,,,,,false,,,,,local service,
privileged,,privileged,m1122,db70a20f403dad43acbcdc0290862079d7300f7e,,,,,,,,false,,,,,m1122,
default,,default,,,,,,,,,,,,,,,m1122,
privileged,,privileged,maintainer,86416ef3eeb4cc907ebcd12c0305511b4cfc5474,,,,,,,,false,,,,,maintainer,
default,,default,,,,,,,,,,,,,,,maintainer,
privileged,,privileged,md110,af7876fd0d274701971979c0f1263f6806c8a27f,,,,,,,,false,,,,,md110,
default,,default,,,,,,,,,,,,,,,md110,
privileged,,privileged,mgr,5bfcfbe428cce428952787978643f2a5993438aa,,,,,,,,false,,,,,mgr,
default,,default,,,,,,,,,,,,,,,mgr,
privileged,,privileged,monitor,9796809f7dae482d3123c16585f2b60f97407796,,,,,,,,false,,,,,monitor,
default,,default,,,,,,,,,,,,,,,monitor,
privileged,,privileged,mtcl,3a5a5e2dd95c6b30b1559d2c5c935f358b5b575e,,,,,,,,false,,,,,mtcl,
default,,default,,,,,,,,,,,,,,,mtcl,
default,,default,network service,6a2a9203103b3799bfa9e440e6e165690501425f,,,,,,,,false,,,,,network service,
privileged,,privileged,pmd,c81269ae161552203480cf6b9792002c0e728622,,,,,,,,false,,,,,pmd,
default,,default,,,,,,,,,,,,,,,pmd,
privileged,,privileged,public,61c9b2b17db77a27841bbeeabff923448b0f6388,,,,,,,,false,,,,,public,
default,,default,,,,,,,,,,,,,,,public,
privileged,,privileged,private,e80721793c24ae14edfca9b26ad406a9815cd3ff,,,,,,,,false,,,,,private,
default,,default,,,,,,,,,,,,,,,private,
privileged,,privileged,readonly,9a27718297218c3757c365d357d13f49d0fa3065,,,,,,,,false,,,,,readonly,
default,,default,,,,,,,,,,,,,,,readonly,
privileged,,privileged,recovery,8b60e9d739b5a5bfd87cbfe67501ab4fa6e41504,,,,,,,,false,,,,,recovery,
default,,default,,,,,,,,,,,,,,,recovery,
privileged,,privileged,root,dc76e9f0c0006e8f919e0c515c66dbba3982f785,,,,,,,,false,,,,,root,
default,,default,,,,,,,,,,,,,,,root,
privileged,,privileged,toor,435b41068e8665513a20070c033b08b9c66e4332,,,,,,,,false,,,,,toor,
default,,default,,,,,,,,,,,,,,,toor,
privileged,,privileged,rsbcmon,0a51c4a57bcd3cd6edeec70cb5a4967478092f91,,,,,,,,false,,,,,rsbcmon,
default,,default,,,,,,,,,,,,,,,rsbcmon,
privileged,,privileged,spoolman,f6d531fd1e971de349f57230e2eac189321d6dca,,,,,,,,false,,,,,spoolman,
default,,default,,,,,,,,,,,,,,,spoolman,
privileged,,privileged,superadmin,889a3a791b3875cfae413574b53da4bb8a90d53e,,,,,,,,false,,,,,superadmin,
default,,default,,,,,,,,,,,,,,,superadmin,
privileged,,privileged,supervisor,0f4d09e43d208d5e9222322fbc7091ceea1a78c3,,,,,,,,false,,,,,supervisor,
default,,default,,,,,,,,,,,,,,,supervisor,
privileged,,privileged,sysadm,fc6783b3cabd4c09ac7a7da84529f783c0e11eb2,,,,,,,,false,,,,,sysadm,
default,,default,,,,,,,,,,,,,,,sysadm,
privileged,,privileged,system,317f1e761f2faa8da781a4762b9dcc2c5cad209a,,,,,,,,false,,,,,system,
default,,default,,,,,,,,,,,,,,,system,
privileged,,privileged,system/manager,70206cdac4f8b15fb3b8508f2285007cf60d3a68,,,,,,,,false,,,,,system/manager,
default,,default,,,,,,,,,,,,,,,system/manager,
privileged,,privileged,tech,c95ee47689a0aaec70c3eb950244657722c69b1f,,,,,,,,false,,,,,tech,
default,,default,,,,,,,,,,,,,,,tech,
privileged,,privileged,technician,55d25800fb82ba29a267c932300aaa8a19767b75,,,,,,,,false,,,,,technician,
default,,default,,,,,,,,,,,,,,,technician,
privileged,,privileged,userid,41ae991308a4fc90e0d39520e1e9bf81c8029e8e,,,,,,,,false,,,,,userid,
default,,default,,,,,,,,,,,,,,,userid,
privileged,,privileged,vt100,4c3abaee7fd2b2e5de43fd44ecafd69a39d32c3f,,,,,,,,false,,,,,vt100,
default,,default,,,,,,,,,,,,,,,vt100,
privileged,,privileged,websecadm,020a2df7f20282834094f79dc26798042be42ab9,,,,,,,,false,,,,,websecadm,
default,,default,,,,,,,,,,,,,,,websecadm,
privileged,,privileged,wlseuser,7cc7ede037c18d63f1290bd6d07b8190aab95314,,,,,,,,false,,,,,wlseuser,
default,,default,,,,,,,,,,,,,,,wlseuser,
privileged,,privileged,wp,c77da256bcb78fe5b523000c6f95bec2563677d7,,,,,,,,false,,,,,wp,
default,,default,,,,,,,,,,,,,,,wp,
